asset,nu
IBEX35,21.5111133634349
SP500,437.9536480557194
