Model,AIC,BIC
ARCH(1),-37619.14965026547,-37598.806366059864
"GARCH(1,1)",-25850.644102487087,-25816.738628811076
"EGARCH(1,1)",-39707.41298974473,-39666.726421333515
