IBEX_vol_1d,SPX_vol_1d
0.00846256555816659,0.011743233581221948
